"constraint_name","check_clause"
"ck_categoria_descricao","((descricao IS NULL) OR (char_length(TRIM(BOTH FROM descricao)) > 0))"
"ck_categoria_id","(id_categoria > 0)"
"ck_categoria_nome","(char_length(TRIM(BOTH FROM nome)) > 0)"
"ck_categoria_preco","(preco_vigente > (0)::numeric)"
"ck_edicao_designacao","(char_length(TRIM(BOTH FROM designacao)) > 0)"
"ck_edicao_id","(id_edicao > 0)"
"ck_edicao_janela","((abertura_inscricoes <= fechamento_inscricoes) AND (fechamento_inscricoes <= data_fim))"
"ck_edicao_local","(((modalidade)::text <> ALL ((ARRAY['PRESENCIAL'::character varying, 'HIBRIDA'::character varying, 'REMOTA'::character varying])::text[])) OR (((modalidade)::text = 'REMOTA'::text) AND (local_realizacao IS NULL)) OR (((modalidade)::text = ANY ((ARRAY['PRESENCIAL'::character varying, 'HIBRIDA'::character varying])::text[])) AND (local_realizacao IS NOT NULL) AND (char_length(TRIM(BOTH FROM local_realizacao)) > 0)))"
"ck_edicao_modalidade","((modalidade)::text = ANY ((ARRAY['PRESENCIAL'::character varying, 'HIBRIDA'::character varying, 'REMOTA'::character varying])::text[]))"
"ck_edicao_realizacao","(data_inicio <= data_fim)"
"ck_evento_id","(id_evento > 0)"
"ck_evento_nome","(char_length(TRIM(BOTH FROM nome)) > 0)"
"ck_evento_sigla","((sigla IS NULL) OR (char_length(TRIM(BOTH FROM sigla)) > 0))"
"ck_inscricao_canal","((canal_divulgacao IS NULL) OR ((canal_divulgacao)::text = ANY ((ARRAY['SITE_EVENTO'::character varying, 'REDE_SOCIAL'::character varying, 'EMAIL'::character varying, 'INDICACAO'::character varying, 'OUTRO'::character varying])::text[])))"
"ck_inscricao_id","(id_inscricao > 0)"
"ck_inscricao_situacao","((situacao)::text = ANY ((ARRAY['PENDENTE'::character varying, 'PAGA'::character varying, 'CANCELADA'::character varying])::text[]))"
"ck_inscricao_valor","(valor_contratado > (0)::numeric)"
"ck_participante_cpf","((cpf IS NULL) OR ((cpf)::text ~ similar_to_escape('[0-9]{11}'::text)))"
"ck_participante_email","(char_length(TRIM(BOTH FROM email)) > 0)"
"ck_participante_id","(id_participante > 0)"
"ck_participante_nome","(char_length(TRIM(BOTH FROM nome_completo)) > 0)"
