"id_evento","inscricoes","pagas","recebimento_bruto"
1,25,9,920.00
2,24,8,1200.00
3,24,8,800.00
4,24,8,1200.00
5,24,8,800.00
6,24,8,1200.00
7,24,8,800.00
8,24,8,1200.00
9,24,8,800.00
10,24,8,1200.00
11,24,8,800.00
12,24,8,1200.00
13,24,8,800.00
14,24,8,1200.00
15,24,8,800.00
16,24,8,1200.00
17,24,8,800.00
18,24,8,1200.00
19,24,8,800.00
20,24,8,1200.00
21,24,8,800.00
22,24,8,1200.00
23,24,8,800.00
24,24,8,1200.00
25,24,8,800.00
26,24,8,1200.00
27,24,8,800.00
28,24,8,1200.00
29,24,8,800.00
30,24,8,1200.00
31,24,8,800.00
32,24,8,1200.00
33,24,8,800.00
34,24,8,1200.00
35,24,8,800.00
36,24,8,1200.00
37,24,8,800.00
38,24,8,1200.00
39,24,8,800.00
40,24,8,1200.00
41,24,8,800.00
42,24,8,1200.00
43,24,8,800.00
44,24,8,1200.00
45,24,8,800.00
46,24,8,1200.00
47,24,8,800.00
48,24,8,1200.00
49,24,8,800.00
50,24,8,1200.00
51,24,8,800.00
52,24,8,1200.00
53,24,8,800.00
54,24,8,1200.00
55,24,8,800.00
56,24,8,1200.00
57,24,8,800.00
58,24,8,1200.00
59,24,8,800.00
60,24,8,1200.00
61,24,8,800.00
62,24,8,1200.00
63,24,8,800.00
64,24,8,1200.00
65,24,8,800.00
66,24,8,1200.00
67,24,8,800.00
68,24,8,1200.00
69,24,8,800.00
70,24,8,1200.00
71,24,8,800.00
72,24,8,1200.00
73,24,8,800.00
74,24,8,1200.00
75,24,8,800.00
76,24,8,1200.00
77,24,8,800.00
78,24,8,1200.00
79,24,8,800.00
80,24,8,1200.00
81,24,8,800.00
82,24,8,1200.00
83,24,8,800.00
84,24,8,1200.00
85,24,8,800.00
86,24,8,1200.00
87,24,8,800.00
88,24,8,1200.00
89,24,8,800.00
90,24,8,1200.00
91,24,8,800.00
92,24,8,1200.00
93,24,8,800.00
94,24,8,1200.00
95,24,8,800.00
96,24,8,1200.00
97,24,8,800.00
98,24,8,1200.00
99,24,8,800.00
100,24,8,1200.00
101,24,8,800.00
102,24,8,1200.00
103,24,8,800.00
104,24,8,1200.00
105,24,8,800.00
106,24,8,1200.00
107,24,8,800.00
108,24,8,1200.00
109,24,8,800.00
110,24,8,1200.00
111,24,8,800.00
112,24,8,1200.00
113,24,8,800.00
114,24,8,1200.00
115,24,8,800.00
116,24,8,1200.00
117,24,8,800.00
118,24,8,1200.00
119,24,8,800.00
120,24,8,1200.00
121,24,8,800.00
122,24,8,1200.00
123,24,8,800.00
124,24,8,1200.00
125,24,8,800.00
126,24,8,1200.00
127,24,8,800.00
128,24,8,1200.00
129,24,8,800.00
130,24,8,1200.00
131,24,8,800.00
132,24,8,1200.00
133,24,8,800.00
134,24,8,1200.00
135,24,8,800.00
136,24,8,1200.00
137,24,8,800.00
138,24,8,1200.00
139,24,8,800.00
140,24,8,1200.00
141,24,8,800.00
142,24,8,1200.00
143,24,8,800.00
144,24,8,1200.00
145,24,8,800.00
146,24,8,1200.00
147,24,8,800.00
148,24,8,1200.00
149,24,8,800.00
150,24,8,1200.00
151,24,8,800.00
152,24,8,1200.00
153,24,8,800.00
154,24,8,1200.00
155,24,8,800.00
156,24,8,1200.00
157,24,8,800.00
158,24,8,1200.00
159,24,8,800.00
160,24,8,1200.00
161,24,8,800.00
162,24,8,1200.00
163,24,8,800.00
164,24,8,1200.00
165,24,8,800.00
166,24,8,1200.00
167,24,8,800.00
168,24,8,1200.00
169,24,8,800.00
170,24,8,1200.00
171,24,8,800.00
172,24,8,1200.00
173,24,8,800.00
174,24,8,1200.00
175,24,8,800.00
176,24,8,1200.00
177,24,8,800.00
178,24,8,1200.00
179,24,8,800.00
180,24,8,1200.00
181,24,8,800.00
182,24,8,1200.00
183,24,8,800.00
184,24,8,1200.00
185,24,8,800.00
186,24,8,1200.00
187,24,8,800.00
188,24,8,1200.00
189,24,8,800.00
190,24,8,1200.00
191,24,8,800.00
192,24,8,1200.00
193,24,8,800.00
194,24,8,1200.00
195,24,8,800.00
196,24,8,1200.00
197,24,8,800.00
198,24,8,1200.00
199,24,8,800.00
200,24,8,1200.00
201,24,8,800.00
202,24,8,1200.00
203,24,8,800.00
204,24,8,1200.00
205,24,8,800.00
206,24,8,1200.00
207,24,8,800.00
208,24,8,1200.00
209,24,8,800.00
210,24,8,1200.00
211,24,8,800.00
212,24,8,1200.00
213,24,8,800.00
214,24,8,1200.00
215,24,8,800.00
216,24,8,1200.00
217,24,8,800.00
218,24,8,1200.00
219,24,8,800.00
220,24,8,1200.00
221,24,8,800.00
222,24,8,1200.00
223,24,8,800.00
224,24,8,1200.00
225,24,8,800.00
226,24,8,1200.00
227,24,8,800.00
228,24,8,1200.00
229,24,8,800.00
230,24,8,1200.00
231,24,8,800.00
232,24,8,1200.00
233,24,8,800.00
234,24,8,1200.00
235,24,8,800.00
236,24,8,1200.00
237,24,8,800.00
238,24,8,1200.00
239,24,8,800.00
240,24,8,1200.00
241,24,8,800.00
242,24,8,1200.00
243,24,8,800.00
244,24,8,1200.00
245,24,8,800.00
246,24,8,1200.00
247,24,8,800.00
248,24,8,1200.00
249,24,8,800.00
250,24,8,1200.00
251,24,8,800.00
252,24,8,1200.00
253,24,8,800.00
254,24,8,1200.00
255,24,8,800.00
256,24,8,1200.00
257,24,8,800.00
258,24,8,1200.00
259,24,8,800.00
260,24,8,1200.00
261,24,8,800.00
262,24,8,1200.00
263,24,8,800.00
264,24,8,1200.00
265,24,8,800.00
266,24,8,1200.00
267,24,8,800.00
268,24,8,1200.00
269,24,8,800.00
270,24,8,1200.00
271,24,8,800.00
272,24,8,1200.00
273,24,8,800.00
274,24,8,1200.00
275,24,8,800.00
276,24,8,1200.00
277,24,8,800.00
278,24,8,1200.00
279,24,8,800.00
280,24,8,1200.00
281,24,8,800.00
282,24,8,1200.00
283,24,8,800.00
284,24,8,1200.00
285,24,8,800.00
286,24,8,1200.00
287,24,8,800.00
288,24,8,1200.00
289,24,8,800.00
290,24,8,1200.00
291,24,8,800.00
292,24,8,1200.00
293,24,8,800.00
294,24,8,1200.00
295,24,8,800.00
296,24,8,1200.00
297,24,8,800.00
298,24,8,1200.00
299,24,8,800.00
300,24,8,1200.00
301,24,8,800.00
302,24,8,1200.00
303,24,8,800.00
304,24,8,1200.00
305,24,8,800.00
306,24,8,1200.00
307,24,8,800.00
308,24,8,1200.00
309,24,8,800.00
310,24,8,1200.00
311,24,8,800.00
312,24,8,1200.00
313,24,8,800.00
314,24,8,1200.00
315,24,8,800.00
316,24,8,1200.00
317,24,8,800.00
318,24,8,1200.00
319,24,8,800.00
320,24,8,1200.00
321,24,8,800.00
322,24,8,1200.00
323,24,8,800.00
324,24,8,1200.00
325,24,8,800.00
326,24,8,1200.00
327,24,8,800.00
328,24,8,1200.00
329,24,8,800.00
330,24,8,1200.00
331,24,8,800.00
332,24,8,1200.00
333,24,8,800.00
334,24,8,1200.00
335,24,8,800.00
336,24,8,1200.00
337,24,8,800.00
338,24,8,1200.00
339,24,8,800.00
340,24,8,1200.00
341,24,8,800.00
342,24,8,1200.00
343,24,8,800.00
344,24,8,1200.00
345,24,8,800.00
346,24,8,1200.00
347,24,8,800.00
348,24,8,1200.00
349,24,8,800.00
350,24,8,1200.00
351,24,8,800.00
352,24,8,1200.00
353,24,8,800.00
354,24,8,1200.00
355,24,8,800.00
356,24,8,1200.00
357,24,8,800.00
358,24,8,1200.00
359,24,8,800.00
360,24,8,1200.00
361,24,8,800.00
362,24,8,1200.00
363,24,8,800.00
364,24,8,1200.00
365,24,8,800.00
366,24,8,1200.00
367,24,8,800.00
368,24,8,1200.00
369,24,8,800.00
370,24,8,1200.00
371,24,8,800.00
372,24,8,1200.00
373,24,8,800.00
374,24,8,1200.00
375,24,8,800.00
376,24,8,1200.00
377,24,8,800.00
378,24,8,1200.00
379,24,8,800.00
380,24,8,1200.00
381,24,8,800.00
382,24,8,1200.00
383,24,8,800.00
384,24,8,1200.00
385,24,8,800.00
386,24,8,1200.00
387,24,8,800.00
388,24,8,1200.00
389,24,8,800.00
390,24,8,1200.00
391,24,8,800.00
392,24,8,1200.00
393,24,8,800.00
394,24,8,1200.00
395,24,8,800.00
396,24,8,1200.00
397,24,8,800.00
398,24,8,1200.00
399,24,8,800.00
400,24,8,1200.00
401,24,8,800.00
402,24,8,1200.00
403,24,8,800.00
404,24,8,1200.00
405,24,8,800.00
406,24,8,1200.00
407,24,8,800.00
408,24,8,1200.00
409,24,8,800.00
410,24,8,1200.00
411,24,8,800.00
412,24,8,1200.00
413,24,8,800.00
414,24,8,1200.00
415,24,8,800.00
416,24,8,1200.00
417,24,8,800.00
418,24,8,1200.00
419,24,8,800.00
420,24,8,1200.00
421,24,8,800.00
422,24,8,1200.00
423,24,8,800.00
424,24,8,1200.00
425,24,8,800.00
426,24,8,1200.00
427,24,8,800.00
428,24,8,1200.00
429,24,8,800.00
430,24,8,1200.00
431,24,8,800.00
432,24,8,1200.00
433,24,8,800.00
434,24,8,1200.00
435,24,8,800.00
436,24,8,1200.00
437,24,8,800.00
438,24,8,1200.00
439,24,8,800.00
440,24,8,1200.00
441,24,8,800.00
442,24,8,1200.00
443,24,8,800.00
444,24,8,1200.00
445,24,8,800.00
446,24,8,1200.00
447,24,8,800.00
448,24,8,1200.00
449,24,8,800.00
450,24,8,1200.00
451,24,8,800.00
452,24,8,1200.00
453,24,8,800.00
454,24,8,1200.00
455,24,8,800.00
456,24,8,1200.00
457,24,8,800.00
458,24,8,1200.00
459,24,8,800.00
460,24,8,1200.00
461,24,8,800.00
462,24,8,1200.00
463,24,8,800.00
464,24,8,1200.00
465,24,8,800.00
466,24,8,1200.00
467,24,8,800.00
468,24,8,1200.00
469,24,8,800.00
470,24,8,1200.00
471,24,8,800.00
472,24,8,1200.00
473,24,8,800.00
474,24,8,1200.00
475,24,8,800.00
476,24,8,1200.00
477,24,8,800.00
478,24,8,1200.00
479,24,8,800.00
480,24,8,1200.00
481,24,8,800.00
482,24,8,1200.00
483,24,8,800.00
484,24,8,1200.00
485,24,8,800.00
486,24,8,1200.00
487,24,8,800.00
488,24,8,1200.00
489,24,8,800.00
490,24,8,1200.00
491,24,8,800.00
492,24,8,1200.00
493,24,8,800.00
494,24,8,1200.00
495,24,8,800.00
496,24,8,1200.00
497,24,8,800.00
498,24,8,1200.00
499,24,8,800.00
500,23,8,1200.00
